{"cameraMode":{"drawMode":0,"name":"Shaded","section":"Shading Mode"},"sceneLighting":false,"audioPlay":false,"sceneViewState":{"m_AlwaysRefresh":false,"showFog":true,"showSkybox":false,"showFlares":true,"showImageEffects":true,"showParticleSystems":true,"showVisualEffectGraphs":true,"m_FxEnabled":true},"in2DMode":false,"pivot":{"x":-6.605187892913818,"y":5.7722978591918949,"z":-34.636837005615237},"rotation":{"x":0.008949649520218373,"y":-0.988114058971405,"z":0.06322753429412842,"w":0.13995251059532166},"size":2.9451487064361574,"orthographic":false}